timestamp,ipAddress,action,status,severity
2025-05-22 23:28:27,10.0.0.1,HTTPS POST /api/data,200,1
2025-05-22 23:28:27,345.67.89.10,HTTP POST /admin,403,1
2025-05-22 23:28:27,345.67.89.10,HTTP GET /admin,403,1
2025-05-22 23:28:27,345.67.89.10,HTTP GET /admin,403,1
2025-05-22 23:28:27,345.67.89.10,HTTP GET /admin,403,1
2025-05-22 23:28:27,123.45.67.89,HTTP GET /index.html,200,1
2025-05-22 23:28:27,98.76.54.32,HTTPS GET /login,200,1
2025-05-22 23:28:27,789.12.34.56,HTTP POST /login,401,1
2025-05-22 23:28:38,192.168.1.1,/login,200,1
2025-05-22 23:29:26,192.168.1.1,HTTP GET /login,200,1
2025-05-22 23:29:26,10.0.0.1,HTTPS POST /api/data,200,1
2025-05-22 23:29:26,345.67.89.10,HTTP POST /admin,403,1
2025-05-22 23:29:26,345.67.89.10,HTTP GET /admin,403,1
2025-05-22 23:29:26,345.67.89.10,HTTP GET /admin,403,1
2025-05-22 23:29:26,345.67.89.10,HTTP GET /admin,403,1
2025-05-22 23:29:26,123.45.67.89,HTTP GET /index.html,200,1
2025-05-22 23:29:26,98.76.54.32,HTTPS GET /login,200,1
2025-05-22 23:29:26,789.12.34.56,HTTP POST /login,401,1
2025-05-22 23:29:39,192.168.1.1,/login,401,1
2024-03-20 10:30:45,192.168.1.1,HTTP GET /login,200,1
2024-03-20 10:31:00,10.0.0.1,HTTPS POST /api/data,200,1
2024-03-20 10:32:33,10.0.0.1,HTTPS POST /api/account,200,1
2024-03-20 10:32:33,10.0.0.1,HTTPS POST /api/account,200,1
2024-03-20 10:32:33,10.0.0.1,HTTPS POST /api/account,200,1
2024-03-20 10:32:33,10.0.0.1,HTTPS POST /api/account,200,1
2024-03-20 10:32:33,10.0.0.1,HTTPS POST /api/account,200,1
2024-03-20 10:32:33,10.0.0.1,HTTPS POST /api/account,200,1
2024-03-20 10:32:33,10.0.0.1,HTTPS POST /api/account,200,1
2025-05-23 23:13:30,192.168.1.1,HTTP GET /login,200,1
2025-05-23 23:13:30,10.0.0.1,HTTPS POST /api/data,200,1
2025-05-23 23:13:30,345.67.89.10,HTTP POST /admin,403,1
2025-05-23 23:13:30,345.67.89.10,HTTP GET /admin,403,1
2025-05-23 23:13:30,345.67.89.10,HTTP GET /admin,403,1
2025-05-23 23:13:30,345.67.89.10,HTTP GET /admin,403,1
2025-05-23 23:13:30,123.45.67.89,HTTP GET /index.html,200,1
2025-05-23 23:13:30,98.76.54.32,HTTPS GET /login,200,1
2025-05-23 23:13:30,789.12.34.56,HTTP POST /login,401,1
2025-05-23 23:57:09,127.0.0.1,HTTP GET /admin,401,1
2025-07-11 23:13:13,192.168.1.1,HTTP GET /login,200,5
2025-07-11 23:13:13,192.168.1.100,HTTP POST to:192.168.1.1 /api,200,2
2025-07-11 23:13:13,345.67.89.10,HTTP POST to:192.168.1.1 /admin,403,8
2025-07-11 23:13:13,345.67.89.10,HTTP GET to:192.168.1.100 /data,403,8
2025-07-11 23:13:13,192.168.1.50,HTTPS GET to:192.168.1.1 /secure,200,2
2025-07-11 23:13:13,789.12.34.56,HTTP POST to:192.168.1.1 /login,401,8
2025-07-11 23:13:13,192.168.1.1,HTTP RESPONSE to:192.168.1.100,200,2
2025-07-11 23:13:13,10.0.0.1,HTTPS POST to:192.168.1.1 /api/data,200,2
2025-07-11 23:13:27,192.168.1.1,HTTP GET /login,200,5
2025-07-11 23:13:27,192.168.1.100,HTTP POST to:192.168.1.1 /api,200,2
2025-07-11 23:13:27,345.67.89.10,HTTP POST to:192.168.1.1 /admin,403,8
2025-07-11 23:13:27,345.67.89.10,HTTP GET to:192.168.1.100 /data,403,8
2025-07-11 23:13:27,192.168.1.50,HTTPS GET to:192.168.1.1 /secure,200,2
2025-07-11 23:13:27,789.12.34.56,HTTP POST to:192.168.1.1 /login,401,8
2025-07-11 23:13:27,192.168.1.1,HTTP RESPONSE to:192.168.1.100,200,2
2025-07-11 23:13:27,10.0.0.1,HTTPS POST to:192.168.1.1 /api/data,200,2
2025-07-11 23:13:39,192.168.1.100,HTTP POST to:192.168.1.1 /api/data,200,2
2025-07-12 11:19:29,192.168.1.1,HTTP GET /login,200,5
2025-07-12 11:19:29,192.168.1.100,HTTP POST to:192.168.1.1 /api,200,2
2025-07-12 11:19:29,345.67.89.10,HTTP POST to:192.168.1.1 /admin,403,8
2025-07-12 11:19:29,345.67.89.10,HTTP GET to:192.168.1.100 /data,403,8
2025-07-12 11:19:29,192.168.1.50,HTTPS GET to:192.168.1.1 /secure,200,2
2025-07-12 11:19:29,789.12.34.56,HTTP POST to:192.168.1.1 /login,401,8
2025-07-12 11:19:29,192.168.1.1,HTTP RESPONSE to:192.168.1.100,200,2
2025-07-12 11:19:29,10.0.0.1,HTTPS POST to:192.168.1.1 /api/data,200,2
2025-07-12 14:57:31,192.168.1.1,HTTP GET /login,200,5
2025-07-12 14:57:31,192.168.1.100,HTTP POST to:192.168.1.1 /api,200,2
2025-07-12 14:57:31,345.67.89.10,HTTP POST to:192.168.1.1 /admin,403,8
2025-07-12 14:57:31,345.67.89.10,HTTP GET to:192.168.1.100 /data,403,8
2025-07-12 14:57:31,192.168.1.50,HTTPS GET to:192.168.1.1 /secure,200,2
2025-07-12 14:57:31,789.12.34.56,HTTP POST to:192.168.1.1 /login,401,8
2025-07-12 14:57:31,192.168.1.1,HTTP RESPONSE to:192.168.1.100,200,2
2025-07-12 14:57:31,10.0.0.1,HTTPS POST to:192.168.1.1 /api/data,200,2
2025-07-12 15:15:41,192.168.1.1,HTTP POST to:192.168.1.1 /api/data,401,8
2025-07-12 15:32:14,192.168.1.1,HTTP GET /login,200,5
2025-07-12 15:32:14,192.168.1.100,HTTP POST to:192.168.1.1 /api,200,2
2025-07-12 15:32:14,345.67.89.10,HTTP POST to:192.168.1.1 /admin,403,8
2025-07-12 15:32:14,345.67.89.10,HTTP GET to:192.168.1.100 /data,403,8
2025-07-12 15:32:14,192.168.1.50,HTTPS GET to:192.168.1.1 /secure,200,2
2025-07-12 15:32:14,789.12.34.56,HTTP POST to:192.168.1.1 /login,401,8
2025-07-12 15:32:14,192.168.1.1,HTTP RESPONSE to:192.168.1.100,200,2
2025-07-12 15:32:14,10.0.0.1,HTTPS POST to:192.168.1.1 /api/data,200,2
2025-07-12 15:32:34,192.168.1.100,HTTP POST to:192.168.1.1 /api/data,200,2
2025-07-12 16:02:38,192.168.1.1,HTTP GET /login,200,5
2025-07-12 16:02:38,192.168.1.100,HTTP POST to:192.168.1.1 /api,200,2
2025-07-12 16:02:38,345.67.89.10,HTTP POST to:192.168.1.1 /admin,403,8
2025-07-12 16:02:38,345.67.89.10,HTTP GET to:192.168.1.100 /data,403,8
2025-07-12 16:02:38,192.168.1.50,HTTPS GET to:192.168.1.1 /secure,200,2
2025-07-12 16:02:38,789.12.34.56,HTTP POST to:192.168.1.1 /login,401,8
2025-07-12 16:02:38,192.168.1.1,HTTP RESPONSE to:192.168.1.100,200,2
2025-07-12 16:02:38,10.0.0.1,HTTPS POST to:192.168.1.1 /api/data,200,2
2025-07-12 16:35:46,192.168.1.1,HTTP GET /login,200,5
2025-07-12 16:35:46,192.168.1.100,HTTP POST to:192.168.1.1 /api,200,2
2025-07-12 16:35:46,345.67.89.10,HTTP POST to:192.168.1.1 /admin,403,8
2025-07-12 16:35:46,345.67.89.10,HTTP GET to:192.168.1.100 /data,403,8
2025-07-12 16:35:46,192.168.1.50,HTTPS GET to:192.168.1.1 /secure,200,2
2025-07-12 16:35:46,789.12.34.56,HTTP POST to:192.168.1.1 /login,401,8
2025-07-12 16:35:46,192.168.1.1,HTTP RESPONSE to:192.168.1.100,200,2
2025-07-12 16:35:46,10.0.0.1,HTTPS POST to:192.168.1.1 /api/data,200,2
2024-01-01 0:00:00,192.168.232.19,HTTP GET /test0,200,2
2024-01-01 1:00:00,192.168.38.175,HTTP GET /test1,200,2
2024-01-01 2:00:00,192.168.114.68,HTTP GET /test2,200,2
2024-01-01 3:00:00,192.168.109.120,HTTP GET /test3,200,2
2024-01-01 4:00:00,192.168.102.47,HTTP GET /test4,200,2
2024-01-01 5:00:00,192.168.143.142,HTTP GET /test5,200,2
2024-01-01 6:00:00,192.168.160.52,HTTP GET /test6,200,2
2024-01-01 7:00:00,192.168.124.114,HTTP GET /test7,200,2
2024-01-01 8:00:00,192.168.70.18,HTTP GET /test8,200,2
2024-01-01 9:00:00,192.168.123.116,HTTP GET /test9,200,2
2024-01-01 10:00:00,192.168.247.56,HTTP GET /test10,200,2
2024-01-01 11:00:00,192.168.157.230,HTTP GET /test11,200,2
2024-01-01 12:00:00,192.168.139.79,HTTP GET /test12,200,2
2024-01-01 13:00:00,192.168.66.22,HTTP GET /test13,200,2
2024-01-01 14:00:00,192.168.208.141,HTTP GET /test14,200,2
2024-01-01 15:00:00,192.168.125.158,HTTP GET /test15,200,2
2024-01-01 16:00:00,192.168.54.157,HTTP GET /test16,200,2
2024-01-01 17:00:00,192.168.53.118,HTTP GET /test17,200,2
2024-01-01 18:00:00,192.168.163.35,HTTP GET /test18,200,2
2024-01-01 19:00:00,192.168.116.30,HTTP GET /test19,200,2
2024-01-01 20:00:00,192.168.22.211,HTTP GET /test20,200,2
2024-01-01 21:00:00,192.168.89.251,HTTP GET /test21,200,2
2024-01-01 22:00:00,192.168.42.123,HTTP GET /test22,200,2
2024-01-01 23:00:00,192.168.43.13,HTTP GET /test23,200,2
2024-01-01 0:00:00,192.168.160.178,HTTP GET /test24,200,2
2024-01-01 1:00:00,192.168.154.233,HTTP GET /test25,200,2
2024-01-01 2:00:00,192.168.200.14,HTTP GET /test26,200,2
2024-01-01 3:00:00,192.168.19.234,HTTP GET /test27,200,2
2024-01-01 4:00:00,192.168.32.185,HTTP GET /test28,200,2
2024-01-01 5:00:00,192.168.104.6,HTTP GET /test29,200,2
2024-01-01 6:00:00,192.168.183.173,HTTP GET /test30,200,2
2024-01-01 7:00:00,192.168.202.177,HTTP GET /test31,200,2
2024-01-01 8:00:00,192.168.16.162,HTTP GET /test32,200,2
2024-01-01 9:00:00,192.168.159.216,HTTP GET /test33,200,2
2024-01-01 10:00:00,192.168.71.143,HTTP GET /test34,200,2
2024-01-01 11:00:00,192.168.143.112,HTTP GET /test35,200,2
2024-01-01 12:00:00,192.168.189.144,HTTP GET /test36,200,2
2024-01-01 13:00:00,192.168.236.95,HTTP GET /test37,200,2
2024-01-01 14:00:00,192.168.30.98,HTTP GET /test38,200,2
2024-01-01 15:00:00,192.168.214.53,HTTP GET /test39,200,2
2024-01-01 16:00:00,192.168.135.82,HTTP GET /test40,200,2
2024-01-01 17:00:00,192.168.148.205,HTTP GET /test41,200,2
2024-01-01 18:00:00,192.168.83.235,HTTP GET /test42,200,2
2024-01-01 19:00:00,192.168.162.217,HTTP GET /test43,200,2
2024-01-01 20:00:00,192.168.97.52,HTTP GET /test44,200,2
2024-01-01 21:00:00,192.168.171.90,HTTP GET /test45,200,2
2024-01-01 22:00:00,192.168.201.56,HTTP GET /test46,403,8
2024-01-01 23:00:00,192.168.186.53,HTTP GET /test47,200,2
2024-01-01 0:00:00,192.168.76.140,HTTP GET /test48,403,8
2024-01-01 1:00:00,192.168.199.170,HTTP GET /test49,200,2
2024-01-01 2:00:00,192.168.47.13,HTTP GET /test50,200,2
2024-01-01 3:00:00,192.168.39.144,HTTP GET /test51,200,2
2024-01-01 4:00:00,192.168.4.80,HTTP GET /test52,200,2
2024-01-01 5:00:00,192.168.216.123,HTTP GET /test53,200,2
2024-01-01 6:00:00,192.168.8.155,HTTP GET /test54,200,2
2024-01-01 7:00:00,192.168.109.225,HTTP GET /test55,200,2
2024-01-01 8:00:00,192.168.46.19,HTTP GET /test56,200,2
2024-01-01 9:00:00,192.168.189.163,HTTP GET /test57,200,2
2024-01-01 10:00:00,192.168.34.70,HTTP GET /test58,403,8
2024-01-01 11:00:00,192.168.39.238,HTTP GET /test59,200,2
2024-01-01 12:00:00,192.168.40.232,HTTP GET /test60,200,2
2024-01-01 13:00:00,192.168.39.47,HTTP GET /test61,200,2
2024-01-01 14:00:00,192.168.46.190,HTTP GET /test62,200,2
2024-01-01 15:00:00,192.168.250.209,HTTP GET /test63,200,2
2024-01-01 16:00:00,192.168.145.180,HTTP GET /test64,200,2
2024-01-01 17:00:00,192.168.44.67,HTTP GET /test65,200,2
2024-01-01 18:00:00,192.168.69.192,HTTP GET /test66,200,2
2024-01-01 19:00:00,192.168.115.68,HTTP GET /test67,200,2
2024-01-01 20:00:00,192.168.87.180,HTTP GET /test68,200,2
2024-01-01 21:00:00,192.168.218.74,HTTP GET /test69,200,2
2024-01-01 22:00:00,192.168.198.37,HTTP GET /test70,200,2
2024-01-01 23:00:00,192.168.95.122,HTTP GET /test71,200,2
2024-01-01 0:00:00,192.168.213.172,HTTP GET /test72,200,2
2024-01-01 1:00:00,192.168.195.10,HTTP GET /test73,200,2
2024-01-01 2:00:00,192.168.125.126,HTTP GET /test74,200,2
2024-01-01 3:00:00,192.168.4.64,HTTP GET /test75,200,2
2024-01-01 4:00:00,192.168.51.121,HTTP GET /test76,200,2
2024-01-01 5:00:00,192.168.80.29,HTTP GET /test77,200,2
2024-01-01 6:00:00,192.168.245.189,HTTP GET /test78,200,2
2024-01-01 7:00:00,192.168.75.238,HTTP GET /test79,200,2
2024-01-01 8:00:00,192.168.230.205,HTTP GET /test80,200,2
2024-01-01 9:00:00,192.168.231.63,HTTP GET /test81,200,2
2024-01-01 10:00:00,192.168.101.208,HTTP GET /test82,200,2
2024-01-01 11:00:00,192.168.96.39,HTTP GET /test83,200,2
2024-01-01 12:00:00,192.168.123.227,HTTP GET /test84,200,2
2024-01-01 13:00:00,192.168.39.63,HTTP GET /test85,200,2
2024-01-01 14:00:00,192.168.216.199,HTTP GET /test86,200,2
2024-01-01 15:00:00,192.168.190.44,HTTP GET /test87,403,8
2024-01-01 16:00:00,192.168.79.13,HTTP GET /test88,200,2
2024-01-01 17:00:00,192.168.85.222,HTTP GET /test89,200,2
2024-01-01 18:00:00,192.168.237.0,HTTP GET /test90,403,8
2024-01-01 19:00:00,192.168.41.44,HTTP GET /test91,200,2
2024-01-01 20:00:00,192.168.3.84,HTTP GET /test92,403,8
2024-01-01 21:00:00,192.168.15.241,HTTP GET /test93,200,2
2024-01-01 22:00:00,192.168.79.177,HTTP GET /test94,200,2
2024-01-01 23:00:00,192.168.251.223,HTTP GET /test95,200,2
2024-01-01 0:00:00,192.168.83.209,HTTP GET /test96,200,2
2024-01-01 1:00:00,192.168.214.228,HTTP GET /test97,200,2
2024-01-01 2:00:00,192.168.167.162,HTTP GET /test98,200,2
2024-01-01 3:00:00,192.168.197.165,HTTP GET /test99,200,2
2024-01-01 4:00:00,192.168.248.19,HTTP GET /test100,403,8
2024-01-01 5:00:00,192.168.206.75,HTTP GET /test101,200,2
2024-01-01 6:00:00,192.168.140.90,HTTP GET /test102,200,2
2024-01-01 7:00:00,192.168.173.195,HTTP GET /test103,200,2
2024-01-01 8:00:00,192.168.227.71,HTTP GET /test104,200,2
2024-01-01 9:00:00,192.168.126.77,HTTP GET /test105,200,2
2024-01-01 10:00:00,192.168.38.144,HTTP GET /test106,200,2
2024-01-01 11:00:00,192.168.12.68,HTTP GET /test107,200,2
2024-01-01 12:00:00,192.168.220.157,HTTP GET /test108,200,2
2024-01-01 13:00:00,192.168.212.66,HTTP GET /test109,200,2
2024-01-01 14:00:00,192.168.114.63,HTTP GET /test110,200,2
2024-01-01 15:00:00,192.168.139.48,HTTP GET /test111,403,8
2024-01-01 16:00:00,192.168.169.245,HTTP GET /test112,200,2
2024-01-01 17:00:00,192.168.162.65,HTTP GET /test113,403,8
2024-01-01 18:00:00,192.168.120.156,HTTP GET /test114,200,2
2024-01-01 19:00:00,192.168.38.180,HTTP GET /test115,200,2
2024-01-01 20:00:00,192.168.190.117,HTTP GET /test116,200,2
2024-01-01 21:00:00,192.168.74.158,HTTP GET /test117,403,8
2024-01-01 22:00:00,192.168.174.208,HTTP GET /test118,200,2
2024-01-01 23:00:00,192.168.30.159,HTTP GET /test119,200,2
2024-01-01 0:00:00,192.168.128.72,HTTP GET /test120,200,2
2024-01-01 1:00:00,192.168.148.214,HTTP GET /test121,200,2
2024-01-01 2:00:00,192.168.72.74,HTTP GET /test122,200,2
2024-01-01 3:00:00,192.168.93.108,HTTP GET /test123,200,2
2024-01-01 4:00:00,192.168.138.250,HTTP GET /test124,200,2
2024-01-01 5:00:00,192.168.49.96,HTTP GET /test125,403,8
2024-01-01 6:00:00,192.168.14.237,HTTP GET /test126,200,2
2024-01-01 7:00:00,192.168.28.102,HTTP GET /test127,403,8
2024-01-01 8:00:00,192.168.30.111,HTTP GET /test128,403,8
2024-01-01 9:00:00,192.168.103.215,HTTP GET /test129,403,8
2024-01-01 10:00:00,192.168.183.203,HTTP GET /test130,200,2
2024-01-01 11:00:00,192.168.146.10,HTTP GET /test131,200,2
2024-01-01 12:00:00,192.168.155.184,HTTP GET /test132,200,2
2024-01-01 13:00:00,192.168.184.4,HTTP GET /test133,200,2
2024-01-01 14:00:00,192.168.149.71,HTTP GET /test134,403,8
2024-01-01 15:00:00,192.168.109.103,HTTP GET /test135,403,8
2024-01-01 16:00:00,192.168.0.28,HTTP GET /test136,403,8
2024-01-01 17:00:00,192.168.76.144,HTTP GET /test137,200,2
2024-01-01 18:00:00,192.168.246.149,HTTP GET /test138,403,8
2024-01-01 19:00:00,192.168.136.131,HTTP GET /test139,200,2
2024-01-01 20:00:00,192.168.249.53,HTTP GET /test140,200,2
2024-01-01 21:00:00,192.168.96.249,HTTP GET /test141,403,8
2024-01-01 22:00:00,192.168.23.216,HTTP GET /test142,403,8
2024-01-01 23:00:00,192.168.38.156,HTTP GET /test143,200,2
2024-01-01 0:00:00,192.168.65.135,HTTP GET /test144,200,2
2024-01-01 1:00:00,192.168.239.254,HTTP GET /test145,200,2
2024-01-01 2:00:00,192.168.110.5,HTTP GET /test146,200,2
2024-01-01 3:00:00,192.168.63.43,HTTP GET /test147,200,2
2024-01-01 4:00:00,192.168.253.90,HTTP GET /test148,200,2
2024-01-01 5:00:00,192.168.120.97,HTTP GET /test149,200,2
2024-01-01 6:00:00,192.168.180.201,HTTP GET /test150,403,8
2024-01-01 7:00:00,192.168.68.78,HTTP GET /test151,200,2
2024-01-01 8:00:00,192.168.110.47,HTTP GET /test152,200,2
2024-01-01 9:00:00,192.168.122.122,HTTP GET /test153,200,2
2024-01-01 10:00:00,192.168.245.245,HTTP GET /test154,200,2
2024-01-01 11:00:00,192.168.42.26,HTTP GET /test155,200,2
2024-01-01 12:00:00,192.168.149.230,HTTP GET /test156,200,2
2024-01-01 13:00:00,192.168.12.113,HTTP GET /test157,200,2
2024-01-01 14:00:00,192.168.30.139,HTTP GET /test158,200,2
2024-01-01 15:00:00,192.168.53.95,HTTP GET /test159,200,2
2024-01-01 16:00:00,192.168.179.109,HTTP GET /test160,200,2
2024-01-01 17:00:00,192.168.214.88,HTTP GET /test161,200,2
2024-01-01 18:00:00,192.168.211.191,HTTP GET /test162,200,2
2024-01-01 19:00:00,192.168.125.18,HTTP GET /test163,200,2
2024-01-01 20:00:00,192.168.30.111,HTTP GET /test164,403,8
2024-01-01 21:00:00,192.168.17.42,HTTP GET /test165,200,2
2024-01-01 22:00:00,192.168.173.111,HTTP GET /test166,200,2
2024-01-01 23:00:00,192.168.116.71,HTTP GET /test167,200,2
2024-01-01 0:00:00,192.168.28.126,HTTP GET /test168,200,2
2024-01-01 1:00:00,192.168.45.180,HTTP GET /test169,403,8
2024-01-01 2:00:00,192.168.38.48,HTTP GET /test170,200,2
2024-01-01 3:00:00,192.168.160.136,HTTP GET /test171,200,2
2024-01-01 4:00:00,192.168.109.58,HTTP GET /test172,200,2
2024-01-01 5:00:00,192.168.142.245,HTTP GET /test173,200,2
2024-01-01 6:00:00,192.168.37.26,HTTP GET /test174,200,2
2024-01-01 7:00:00,192.168.130.249,HTTP GET /test175,200,2
2024-01-01 8:00:00,192.168.97.241,HTTP GET /test176,200,2
2024-01-01 9:00:00,192.168.219.228,HTTP GET /test177,200,2
2024-01-01 10:00:00,192.168.36.140,HTTP GET /test178,403,8
2024-01-01 11:00:00,192.168.1.125,HTTP GET /test179,200,2
2024-01-01 12:00:00,192.168.166.150,HTTP GET /test180,200,2
2024-01-01 13:00:00,192.168.184.140,HTTP GET /test181,200,2
2024-01-01 14:00:00,192.168.111.128,HTTP GET /test182,200,2
2024-01-01 15:00:00,192.168.34.107,HTTP GET /test183,200,2
2024-01-01 16:00:00,192.168.116.91,HTTP GET /test184,200,2
2024-01-01 17:00:00,192.168.226.12,HTTP GET /test185,403,8
2024-01-01 18:00:00,192.168.124.141,HTTP GET /test186,403,8
2024-01-01 19:00:00,192.168.128.216,HTTP GET /test187,200,2
2024-01-01 20:00:00,192.168.28.238,HTTP GET /test188,200,2
2024-01-01 21:00:00,192.168.175.152,HTTP GET /test189,200,2
2024-01-01 22:00:00,192.168.98.49,HTTP GET /test190,200,2
2024-01-01 23:00:00,192.168.3.88,HTTP GET /test191,200,2
2024-01-01 0:00:00,192.168.84.152,HTTP GET /test192,403,8
2024-01-01 1:00:00,192.168.49.175,HTTP GET /test193,200,2
2024-01-01 2:00:00,192.168.195.108,HTTP GET /test194,200,2
2024-01-01 3:00:00,192.168.60.1,HTTP GET /test195,200,2
2024-01-01 4:00:00,192.168.144.166,HTTP GET /test196,200,2
2024-01-01 5:00:00,192.168.165.145,HTTP GET /test197,403,8
2024-01-01 6:00:00,192.168.240.17,HTTP GET /test198,403,8
2024-01-01 7:00:00,192.168.87.2,HTTP GET /test199,200,2
2024-01-01 8:00:00,192.168.12.105,HTTP GET /test200,200,2
2024-01-01 9:00:00,192.168.124.24,HTTP GET /test201,200,2
2024-01-01 10:00:00,192.168.34.141,HTTP GET /test202,200,2
2024-01-01 11:00:00,192.168.29.208,HTTP GET /test203,200,2
2024-01-01 12:00:00,192.168.120.249,HTTP GET /test204,403,8
2024-01-01 13:00:00,192.168.157.206,HTTP GET /test205,200,2
2024-01-01 14:00:00,192.168.113.173,HTTP GET /test206,200,2
2024-01-01 15:00:00,192.168.241.119,HTTP GET /test207,200,2
2024-01-01 16:00:00,192.168.17.58,HTTP GET /test208,200,2
2024-01-01 17:00:00,192.168.177.135,HTTP GET /test209,200,2
2024-01-01 18:00:00,192.168.182.59,HTTP GET /test210,200,2
2024-01-01 19:00:00,192.168.239.189,HTTP GET /test211,200,2
2024-01-01 20:00:00,192.168.34.245,HTTP GET /test212,200,2
2024-01-01 21:00:00,192.168.126.6,HTTP GET /test213,200,2
2024-01-01 22:00:00,192.168.104.11,HTTP GET /test214,200,2
2024-01-01 23:00:00,192.168.193.118,HTTP GET /test215,200,2
2024-01-01 0:00:00,192.168.59.108,HTTP GET /test216,200,2
2024-01-01 1:00:00,192.168.175.86,HTTP GET /test217,200,2
2024-01-01 2:00:00,192.168.29.130,HTTP GET /test218,200,2
2024-01-01 3:00:00,192.168.34.171,HTTP GET /test219,403,8
2024-01-01 4:00:00,192.168.238.17,HTTP GET /test220,200,2
2024-01-01 5:00:00,192.168.211.124,HTTP GET /test221,200,2
2024-01-01 6:00:00,192.168.202.100,HTTP GET /test222,200,2
2024-01-01 7:00:00,192.168.250.22,HTTP GET /test223,200,2
2024-01-01 8:00:00,192.168.199.147,HTTP GET /test224,200,2
2024-01-01 9:00:00,192.168.203.142,HTTP GET /test225,200,2
2024-01-01 10:00:00,192.168.99.23,HTTP GET /test226,200,2
2024-01-01 11:00:00,192.168.17.246,HTTP GET /test227,200,2
2024-01-01 12:00:00,192.168.91.246,HTTP GET /test228,200,2
2024-01-01 13:00:00,192.168.26.250,HTTP GET /test229,403,8
2024-01-01 14:00:00,192.168.159.85,HTTP GET /test230,200,2
2024-01-01 15:00:00,192.168.177.118,HTTP GET /test231,200,2
2024-01-01 16:00:00,192.168.182.154,HTTP GET /test232,200,2
2024-01-01 17:00:00,192.168.23.2,HTTP GET /test233,200,2
2024-01-01 18:00:00,192.168.70.128,HTTP GET /test234,200,2
2024-01-01 19:00:00,192.168.59.184,HTTP GET /test235,200,2
2024-01-01 20:00:00,192.168.170.196,HTTP GET /test236,200,2
2024-01-01 21:00:00,192.168.207.136,HTTP GET /test237,200,2
2024-01-01 22:00:00,192.168.65.55,HTTP GET /test238,200,2
2024-01-01 23:00:00,192.168.254.70,HTTP GET /test239,200,2
2024-01-01 0:00:00,192.168.191.151,HTTP GET /test240,200,2
2024-01-01 1:00:00,192.168.131.184,HTTP GET /test241,200,2
2024-01-01 2:00:00,192.168.239.95,HTTP GET /test242,200,2
2024-01-01 3:00:00,192.168.101.77,HTTP GET /test243,200,2
2024-01-01 4:00:00,192.168.118.207,HTTP GET /test244,403,8
2024-01-01 5:00:00,192.168.83.126,HTTP GET /test245,200,2
2024-01-01 6:00:00,192.168.126.194,HTTP GET /test246,200,2
2024-01-01 7:00:00,192.168.109.126,HTTP GET /test247,200,2
2024-01-01 8:00:00,192.168.240.187,HTTP GET /test248,200,2
2024-01-01 9:00:00,192.168.35.124,HTTP GET /test249,200,2
2024-01-01 10:00:00,192.168.171.187,HTTP GET /test250,200,2
2024-01-01 11:00:00,192.168.29.47,HTTP GET /test251,403,8
2024-01-01 12:00:00,192.168.131.226,HTTP GET /test252,200,2
2024-01-01 13:00:00,192.168.227.172,HTTP GET /test253,200,2
2024-01-01 14:00:00,192.168.134.169,HTTP GET /test254,200,2
2024-01-01 15:00:00,192.168.117.77,HTTP GET /test255,403,8
2024-01-01 16:00:00,192.168.19.240,HTTP GET /test256,200,2
2024-01-01 17:00:00,192.168.131.146,HTTP GET /test257,403,8
2024-01-01 18:00:00,192.168.59.242,HTTP GET /test258,200,2
2024-01-01 19:00:00,192.168.11.55,HTTP GET /test259,200,2
2024-01-01 20:00:00,192.168.48.4,HTTP GET /test260,200,2
2024-01-01 21:00:00,192.168.63.60,HTTP GET /test261,200,2
2024-01-01 22:00:00,192.168.185.111,HTTP GET /test262,200,2
2024-01-01 23:00:00,192.168.101.90,HTTP GET /test263,200,2
2024-01-01 0:00:00,192.168.252.155,HTTP GET /test264,200,2
2024-01-01 1:00:00,192.168.0.178,HTTP GET /test265,200,2
2024-01-01 2:00:00,192.168.59.11,HTTP GET /test266,200,2
2024-01-01 3:00:00,192.168.6.170,HTTP GET /test267,200,2
2024-01-01 4:00:00,192.168.60.189,HTTP GET /test268,200,2
2024-01-01 5:00:00,192.168.154.93,HTTP GET /test269,200,2
2024-01-01 6:00:00,192.168.129.180,HTTP GET /test270,200,2
2024-01-01 7:00:00,192.168.30.209,HTTP GET /test271,200,2
2024-01-01 8:00:00,192.168.18.93,HTTP GET /test272,200,2
2024-01-01 9:00:00,192.168.7.196,HTTP GET /test273,200,2
2024-01-01 10:00:00,192.168.95.70,HTTP GET /test274,403,8
2024-01-01 11:00:00,192.168.108.126,HTTP GET /test275,200,2
2024-01-01 12:00:00,192.168.16.152,HTTP GET /test276,200,2
2024-01-01 13:00:00,192.168.139.208,HTTP GET /test277,200,2
2024-01-01 14:00:00,192.168.158.50,HTTP GET /test278,200,2
2024-01-01 15:00:00,192.168.186.169,HTTP GET /test279,200,2
2024-01-01 16:00:00,192.168.69.201,HTTP GET /test280,403,8
2024-01-01 17:00:00,192.168.249.199,HTTP GET /test281,403,8
2024-01-01 18:00:00,192.168.25.160,HTTP GET /test282,200,2
2024-01-01 19:00:00,192.168.252.183,HTTP GET /test283,200,2
2024-01-01 20:00:00,192.168.214.3,HTTP GET /test284,200,2
2024-01-01 21:00:00,192.168.215.135,HTTP GET /test285,403,8
2024-01-01 22:00:00,192.168.21.117,HTTP GET /test286,403,8
2024-01-01 23:00:00,192.168.112.163,HTTP GET /test287,200,2
2024-01-01 0:00:00,192.168.252.101,HTTP GET /test288,200,2
2024-01-01 1:00:00,192.168.60.10,HTTP GET /test289,200,2
2024-01-01 2:00:00,192.168.82.18,HTTP GET /test290,200,2
2024-01-01 3:00:00,192.168.249.130,HTTP GET /test291,200,2
2024-01-01 4:00:00,192.168.164.55,HTTP GET /test292,200,2
2024-01-01 5:00:00,192.168.118.125,HTTP GET /test293,200,2
2024-01-01 6:00:00,192.168.213.240,HTTP GET /test294,200,2
2024-01-01 7:00:00,192.168.184.180,HTTP GET /test295,200,2
2024-01-01 8:00:00,192.168.151.221,HTTP GET /test296,200,2
2024-01-01 9:00:00,192.168.249.223,HTTP GET /test297,200,2
2024-01-01 10:00:00,192.168.42.69,HTTP GET /test298,200,2
2024-01-01 11:00:00,192.168.230.22,HTTP GET /test299,200,2
2024-01-01 12:00:00,192.168.233.209,HTTP GET /test300,200,2
2024-01-01 13:00:00,192.168.145.50,HTTP GET /test301,200,2
2024-01-01 14:00:00,192.168.195.17,HTTP GET /test302,200,2
2024-01-01 15:00:00,192.168.253.7,HTTP GET /test303,200,2
2024-01-01 16:00:00,192.168.44.30,HTTP GET /test304,200,2
2024-01-01 17:00:00,192.168.23.33,HTTP GET /test305,200,2
2024-01-01 18:00:00,192.168.230.90,HTTP GET /test306,200,2
2024-01-01 19:00:00,192.168.75.84,HTTP GET /test307,200,2
2024-01-01 20:00:00,192.168.201.71,HTTP GET /test308,200,2
2024-01-01 21:00:00,192.168.226.79,HTTP GET /test309,200,2
2024-01-01 22:00:00,192.168.66.189,HTTP GET /test310,200,2
2024-01-01 23:00:00,192.168.13.134,HTTP GET /test311,200,2
2024-01-01 0:00:00,192.168.229.43,HTTP GET /test312,200,2
2024-01-01 1:00:00,192.168.220.23,HTTP GET /test313,200,2
2024-01-01 2:00:00,192.168.114.158,HTTP GET /test314,200,2
2024-01-01 3:00:00,192.168.178.26,HTTP GET /test315,200,2
2024-01-01 4:00:00,192.168.228.183,HTTP GET /test316,200,2
2024-01-01 5:00:00,192.168.14.254,HTTP GET /test317,200,2
2024-01-01 6:00:00,192.168.56.82,HTTP GET /test318,200,2
2024-01-01 7:00:00,192.168.134.13,HTTP GET /test319,200,2
2024-01-01 8:00:00,192.168.75.141,HTTP GET /test320,200,2
2024-01-01 9:00:00,192.168.49.11,HTTP GET /test321,200,2
2024-01-01 10:00:00,192.168.117.79,HTTP GET /test322,200,2
2024-01-01 11:00:00,192.168.244.231,HTTP GET /test323,200,2
2024-01-01 12:00:00,192.168.121.197,HTTP GET /test324,403,8
2024-01-01 13:00:00,192.168.149.37,HTTP GET /test325,200,2
2024-01-01 14:00:00,192.168.221.35,HTTP GET /test326,200,2
2024-01-01 15:00:00,192.168.64.90,HTTP GET /test327,200,2
2024-01-01 16:00:00,192.168.122.163,HTTP GET /test328,200,2
2024-01-01 17:00:00,192.168.35.117,HTTP GET /test329,200,2
2024-01-01 18:00:00,192.168.49.201,HTTP GET /test330,403,8
2024-01-01 19:00:00,192.168.76.157,HTTP GET /test331,200,2
2024-01-01 20:00:00,192.168.142.166,HTTP GET /test332,200,2
2024-01-01 21:00:00,192.168.235.81,HTTP GET /test333,200,2
2024-01-01 22:00:00,192.168.168.0,HTTP GET /test334,403,8
2024-01-01 23:00:00,192.168.144.249,HTTP GET /test335,200,2
2024-01-01 0:00:00,192.168.159.130,HTTP GET /test336,200,2
2024-01-01 1:00:00,192.168.119.102,HTTP GET /test337,200,2
2024-01-01 2:00:00,192.168.17.117,HTTP GET /test338,200,2
2024-01-01 3:00:00,192.168.151.168,HTTP GET /test339,200,2
2024-01-01 4:00:00,192.168.241.176,HTTP GET /test340,200,2
2024-01-01 5:00:00,192.168.191.115,HTTP GET /test341,200,2
2024-01-01 6:00:00,192.168.80.199,HTTP GET /test342,200,2
2024-01-01 7:00:00,192.168.114.109,HTTP GET /test343,200,2
2024-01-01 8:00:00,192.168.115.166,HTTP GET /test344,200,2
2024-01-01 9:00:00,192.168.10.173,HTTP GET /test345,200,2
2024-01-01 10:00:00,192.168.172.138,HTTP GET /test346,403,8
2024-01-01 11:00:00,192.168.77.95,HTTP GET /test347,200,2
2024-01-01 12:00:00,192.168.90.193,HTTP GET /test348,200,2
2024-01-01 13:00:00,192.168.34.123,HTTP GET /test349,200,2
2024-01-01 14:00:00,192.168.221.192,HTTP GET /test350,200,2
2024-01-01 15:00:00,192.168.219.105,HTTP GET /test351,200,2
2024-01-01 16:00:00,192.168.85.253,HTTP GET /test352,200,2
2024-01-01 17:00:00,192.168.84.209,HTTP GET /test353,200,2
2024-01-01 18:00:00,192.168.234.145,HTTP GET /test354,200,2
2024-01-01 19:00:00,192.168.143.190,HTTP GET /test355,200,2
2024-01-01 20:00:00,192.168.135.21,HTTP GET /test356,200,2
2024-01-01 21:00:00,192.168.56.49,HTTP GET /test357,403,8
2024-01-01 22:00:00,192.168.214.180,HTTP GET /test358,200,2
2024-01-01 23:00:00,192.168.224.39,HTTP GET /test359,200,2
2024-01-01 0:00:00,192.168.229.150,HTTP GET /test360,200,2
2024-01-01 1:00:00,192.168.221.245,HTTP GET /test361,200,2
2024-01-01 2:00:00,192.168.9.165,HTTP GET /test362,200,2
2024-01-01 3:00:00,192.168.135.128,HTTP GET /test363,200,2
2024-01-01 4:00:00,192.168.57.186,HTTP GET /test364,200,2
2024-01-01 5:00:00,192.168.218.13,HTTP GET /test365,200,2
2024-01-01 6:00:00,192.168.29.202,HTTP GET /test366,200,2
2024-01-01 7:00:00,192.168.199.38,HTTP GET /test367,200,2
2024-01-01 8:00:00,192.168.21.211,HTTP GET /test368,200,2
2024-01-01 9:00:00,192.168.1.209,HTTP GET /test369,200,2
2024-01-01 10:00:00,192.168.210.22,HTTP GET /test370,200,2
2024-01-01 11:00:00,192.168.231.37,HTTP GET /test371,200,2
2024-01-01 12:00:00,192.168.51.252,HTTP GET /test372,200,2
2024-01-01 13:00:00,192.168.98.111,HTTP GET /test373,200,2
2024-01-01 14:00:00,192.168.142.173,HTTP GET /test374,200,2
2024-01-01 15:00:00,192.168.18.107,HTTP GET /test375,200,2
2024-01-01 16:00:00,192.168.220.213,HTTP GET /test376,200,2
2024-01-01 17:00:00,192.168.138.75,HTTP GET /test377,200,2
2024-01-01 18:00:00,192.168.1.43,HTTP GET /test378,200,2
2024-01-01 19:00:00,192.168.150.18,HTTP GET /test379,200,2
2024-01-01 20:00:00,192.168.175.53,HTTP GET /test380,200,2
2024-01-01 21:00:00,192.168.173.127,HTTP GET /test381,200,2
2024-01-01 22:00:00,192.168.101.121,HTTP GET /test382,200,2
2024-01-01 23:00:00,192.168.224.194,HTTP GET /test383,200,2
2024-01-01 0:00:00,192.168.24.67,HTTP GET /test384,200,2
2024-01-01 1:00:00,192.168.149.27,HTTP GET /test385,200,2
2024-01-01 2:00:00,192.168.26.207,HTTP GET /test386,200,2
2024-01-01 3:00:00,192.168.18.50,HTTP GET /test387,403,8
2024-01-01 4:00:00,192.168.203.222,HTTP GET /test388,200,2
2024-01-01 5:00:00,192.168.43.160,HTTP GET /test389,200,2
2024-01-01 6:00:00,192.168.217.143,HTTP GET /test390,200,2
2024-01-01 7:00:00,192.168.252.91,HTTP GET /test391,200,2
2024-01-01 8:00:00,192.168.1.146,HTTP GET /test392,200,2
2024-01-01 9:00:00,192.168.254.61,HTTP GET /test393,200,2
2024-01-01 10:00:00,192.168.184.136,HTTP GET /test394,200,2
2024-01-01 11:00:00,192.168.76.224,HTTP GET /test395,200,2
2024-01-01 12:00:00,192.168.14.250,HTTP GET /test396,200,2
2024-01-01 13:00:00,192.168.196.92,HTTP GET /test397,200,2
2024-01-01 14:00:00,192.168.230.72,HTTP GET /test398,200,2
2024-01-01 15:00:00,192.168.121.179,HTTP GET /test399,200,2
2024-01-01 16:00:00,192.168.82.114,HTTP GET /test400,200,2
2024-01-01 17:00:00,192.168.108.65,HTTP GET /test401,200,2
2024-01-01 18:00:00,192.168.134.129,HTTP GET /test402,200,2
2024-01-01 19:00:00,192.168.239.54,HTTP GET /test403,200,2
2024-01-01 20:00:00,192.168.152.89,HTTP GET /test404,200,2
2024-01-01 21:00:00,192.168.162.128,HTTP GET /test405,403,8
2024-01-01 22:00:00,192.168.249.170,HTTP GET /test406,200,2
2024-01-01 23:00:00,192.168.136.61,HTTP GET /test407,200,2
2024-01-01 0:00:00,192.168.33.134,HTTP GET /test408,200,2
2024-01-01 1:00:00,192.168.138.121,HTTP GET /test409,200,2
2024-01-01 2:00:00,192.168.1.18,HTTP GET /test410,403,8
2024-01-01 3:00:00,192.168.213.217,HTTP GET /test411,200,2
2024-01-01 4:00:00,192.168.82.164,HTTP GET /test412,200,2
2024-01-01 5:00:00,192.168.149.231,HTTP GET /test413,200,2
2024-01-01 6:00:00,192.168.215.135,HTTP GET /test414,200,2
2024-01-01 7:00:00,192.168.102.86,HTTP GET /test415,200,2
2024-01-01 8:00:00,192.168.76.148,HTTP GET /test416,200,2
2024-01-01 9:00:00,192.168.181.159,HTTP GET /test417,200,2
2024-01-01 10:00:00,192.168.79.28,HTTP GET /test418,200,2
2024-01-01 11:00:00,192.168.98.162,HTTP GET /test419,200,2
2024-01-01 12:00:00,192.168.118.8,HTTP GET /test420,200,2
2024-01-01 13:00:00,192.168.171.113,HTTP GET /test421,200,2
2024-01-01 14:00:00,192.168.14.30,HTTP GET /test422,200,2
2024-01-01 15:00:00,192.168.21.128,HTTP GET /test423,200,2
2024-01-01 16:00:00,192.168.69.199,HTTP GET /test424,200,2
2024-01-01 17:00:00,192.168.191.73,HTTP GET /test425,200,2
2024-01-01 18:00:00,192.168.43.208,HTTP GET /test426,403,8
2024-01-01 19:00:00,192.168.178.121,HTTP GET /test427,200,2
2024-01-01 20:00:00,192.168.128.192,HTTP GET /test428,200,2
2024-01-01 21:00:00,192.168.166.253,HTTP GET /test429,200,2
2024-01-01 22:00:00,192.168.33.10,HTTP GET /test430,200,2
2024-01-01 23:00:00,192.168.218.88,HTTP GET /test431,200,2
2024-01-01 0:00:00,192.168.164.193,HTTP GET /test432,200,2
2024-01-01 1:00:00,192.168.72.128,HTTP GET /test433,200,2
2024-01-01 2:00:00,192.168.208.100,HTTP GET /test434,200,2
2024-01-01 3:00:00,192.168.30.164,HTTP GET /test435,200,2
2024-01-01 4:00:00,192.168.47.229,HTTP GET /test436,200,2
2024-01-01 5:00:00,192.168.245.83,HTTP GET /test437,200,2
2024-01-01 6:00:00,192.168.155.69,HTTP GET /test438,403,8
2024-01-01 7:00:00,192.168.33.105,HTTP GET /test439,200,2
2024-01-01 8:00:00,192.168.179.210,HTTP GET /test440,200,2
2024-01-01 9:00:00,192.168.232.28,HTTP GET /test441,200,2
2024-01-01 10:00:00,192.168.211.64,HTTP GET /test442,200,2
2024-01-01 11:00:00,192.168.160.84,HTTP GET /test443,200,2
2024-01-01 12:00:00,192.168.111.129,HTTP GET /test444,200,2
2024-01-01 13:00:00,192.168.118.176,HTTP GET /test445,200,2
2024-01-01 14:00:00,192.168.229.162,HTTP GET /test446,200,2
2024-01-01 15:00:00,192.168.110.217,HTTP GET /test447,200,2
2024-01-01 16:00:00,192.168.145.52,HTTP GET /test448,200,2
2024-01-01 17:00:00,192.168.159.227,HTTP GET /test449,200,2
2024-01-01 18:00:00,192.168.100.111,HTTP GET /test450,200,2
2024-01-01 19:00:00,192.168.55.175,HTTP GET /test451,200,2
2024-01-01 20:00:00,192.168.158.250,HTTP GET /test452,200,2
2024-01-01 21:00:00,192.168.95.250,HTTP GET /test453,200,2
2024-01-01 22:00:00,192.168.199.68,HTTP GET /test454,403,8
2024-01-01 23:00:00,192.168.196.10,HTTP GET /test455,200,2
2024-01-01 0:00:00,192.168.134.37,HTTP GET /test456,200,2
2024-01-01 1:00:00,192.168.73.102,HTTP GET /test457,200,2
2024-01-01 2:00:00,192.168.112.24,HTTP GET /test458,200,2
2024-01-01 3:00:00,192.168.85.134,HTTP GET /test459,200,2
2024-01-01 4:00:00,192.168.235.120,HTTP GET /test460,200,2
2024-01-01 5:00:00,192.168.166.81,HTTP GET /test461,200,2
2024-01-01 6:00:00,192.168.214.202,HTTP GET /test462,200,2
2024-01-01 7:00:00,192.168.88.116,HTTP GET /test463,200,2
2024-01-01 8:00:00,192.168.211.140,HTTP GET /test464,200,2
2024-01-01 9:00:00,192.168.190.178,HTTP GET /test465,200,2
2024-01-01 10:00:00,192.168.6.11,HTTP GET /test466,403,8
2024-01-01 11:00:00,192.168.178.59,HTTP GET /test467,200,2
2024-01-01 12:00:00,192.168.253.216,HTTP GET /test468,200,2
2024-01-01 13:00:00,192.168.160.29,HTTP GET /test469,200,2
2024-01-01 14:00:00,192.168.19.30,HTTP GET /test470,200,2
2024-01-01 15:00:00,192.168.162.104,HTTP GET /test471,200,2
2024-01-01 16:00:00,192.168.81.221,HTTP GET /test472,200,2
2024-01-01 17:00:00,192.168.230.97,HTTP GET /test473,200,2
2024-01-01 18:00:00,192.168.248.40,HTTP GET /test474,200,2
2024-01-01 19:00:00,192.168.181.58,HTTP GET /test475,200,2
2024-01-01 20:00:00,192.168.26.58,HTTP GET /test476,403,8
2024-01-01 21:00:00,192.168.17.162,HTTP GET /test477,200,2
2024-01-01 22:00:00,192.168.20.188,HTTP GET /test478,200,2
2024-01-01 23:00:00,192.168.135.11,HTTP GET /test479,200,2
2024-01-01 0:00:00,192.168.187.149,HTTP GET /test480,200,2
2024-01-01 1:00:00,192.168.214.48,HTTP GET /test481,200,2
2024-01-01 2:00:00,192.168.159.241,HTTP GET /test482,200,2
2024-01-01 3:00:00,192.168.237.212,HTTP GET /test483,200,2
2024-01-01 4:00:00,192.168.171.67,HTTP GET /test484,200,2
2024-01-01 5:00:00,192.168.179.56,HTTP GET /test485,200,2
2024-01-01 6:00:00,192.168.88.155,HTTP GET /test486,200,2
2024-01-01 7:00:00,192.168.131.221,HTTP GET /test487,200,2
2024-01-01 8:00:00,192.168.54.107,HTTP GET /test488,200,2
2024-01-01 9:00:00,192.168.166.117,HTTP GET /test489,200,2
2024-01-01 10:00:00,192.168.142.125,HTTP GET /test490,200,2
2024-01-01 11:00:00,192.168.69.113,HTTP GET /test491,403,8
2024-01-01 12:00:00,192.168.181.140,HTTP GET /test492,200,2
2024-01-01 13:00:00,192.168.219.67,HTTP GET /test493,200,2
2024-01-01 14:00:00,192.168.82.84,HTTP GET /test494,200,2
2024-01-01 15:00:00,192.168.4.146,HTTP GET /test495,403,8
2024-01-01 16:00:00,192.168.58.14,HTTP GET /test496,200,2
2024-01-01 17:00:00,192.168.57.219,HTTP GET /test497,200,2
2024-01-01 18:00:00,192.168.139.120,HTTP GET /test498,200,2
2024-01-01 19:00:00,192.168.107.92,HTTP GET /test499,200,2
2024-01-01 20:00:00,192.168.20.81,HTTP GET /test500,200,2
2024-01-01 21:00:00,192.168.230.110,HTTP GET /test501,200,2
2024-01-01 22:00:00,192.168.224.205,HTTP GET /test502,200,2
2024-01-01 23:00:00,192.168.3.120,HTTP GET /test503,200,2
2024-01-01 0:00:00,192.168.134.87,HTTP GET /test504,200,2
2024-01-01 1:00:00,192.168.186.13,HTTP GET /test505,200,2
2024-01-01 2:00:00,192.168.182.80,HTTP GET /test506,200,2
2024-01-01 3:00:00,192.168.76.247,HTTP GET /test507,200,2
2024-01-01 4:00:00,192.168.30.205,HTTP GET /test508,200,2
2024-01-01 5:00:00,192.168.108.152,HTTP GET /test509,200,2
2024-01-01 6:00:00,192.168.201.191,HTTP GET /test510,200,2
2024-01-01 7:00:00,192.168.8.170,HTTP GET /test511,200,2
2024-01-01 8:00:00,192.168.145.187,HTTP GET /test512,200,2
2024-01-01 9:00:00,192.168.192.63,HTTP GET /test513,200,2
2024-01-01 10:00:00,192.168.103.174,HTTP GET /test514,200,2
2024-01-01 11:00:00,192.168.241.76,HTTP GET /test515,403,8
2024-01-01 12:00:00,192.168.199.41,HTTP GET /test516,200,2
2024-01-01 13:00:00,192.168.171.164,HTTP GET /test517,200,2
2024-01-01 14:00:00,192.168.187.193,HTTP GET /test518,200,2
2024-01-01 15:00:00,192.168.211.88,HTTP GET /test519,200,2
2024-01-01 16:00:00,192.168.48.193,HTTP GET /test520,200,2
2024-01-01 17:00:00,192.168.222.18,HTTP GET /test521,403,8
2024-01-01 18:00:00,192.168.169.47,HTTP GET /test522,200,2
2024-01-01 19:00:00,192.168.177.72,HTTP GET /test523,200,2
2024-01-01 20:00:00,192.168.224.118,HTTP GET /test524,403,8
2024-01-01 21:00:00,192.168.99.240,HTTP GET /test525,200,2
2024-01-01 22:00:00,192.168.200.253,HTTP GET /test526,200,2
2024-01-01 23:00:00,192.168.120.200,HTTP GET /test527,200,2
2024-01-01 0:00:00,192.168.73.83,HTTP GET /test528,200,2
2024-01-01 1:00:00,192.168.244.28,HTTP GET /test529,403,8
2024-01-01 2:00:00,192.168.156.210,HTTP GET /test530,200,2
2024-01-01 3:00:00,192.168.132.193,HTTP GET /test531,200,2
2024-01-01 4:00:00,192.168.161.134,HTTP GET /test532,200,2
2024-01-01 5:00:00,192.168.27.98,HTTP GET /test533,200,2
2024-01-01 6:00:00,192.168.29.142,HTTP GET /test534,200,2
2024-01-01 7:00:00,192.168.249.72,HTTP GET /test535,200,2
2024-01-01 8:00:00,192.168.61.72,HTTP GET /test536,200,2
2024-01-01 9:00:00,192.168.134.47,HTTP GET /test537,200,2
2024-01-01 10:00:00,192.168.37.94,HTTP GET /test538,200,2
2024-01-01 11:00:00,192.168.194.124,HTTP GET /test539,200,2
2024-01-01 12:00:00,192.168.70.158,HTTP GET /test540,200,2
2024-01-01 13:00:00,192.168.28.17,HTTP GET /test541,200,2
2024-01-01 14:00:00,192.168.133.112,HTTP GET /test542,200,2
2024-01-01 15:00:00,192.168.26.76,HTTP GET /test543,200,2
2024-01-01 16:00:00,192.168.233.229,HTTP GET /test544,200,2
2024-01-01 17:00:00,192.168.227.117,HTTP GET /test545,200,2
2024-01-01 18:00:00,192.168.236.91,HTTP GET /test546,200,2
2024-01-01 19:00:00,192.168.148.193,HTTP GET /test547,403,8
2024-01-01 20:00:00,192.168.170.14,HTTP GET /test548,200,2
2024-01-01 21:00:00,192.168.142.135,HTTP GET /test549,200,2
2024-01-01 22:00:00,192.168.63.71,HTTP GET /test550,200,2
2024-01-01 23:00:00,192.168.75.94,HTTP GET /test551,200,2
2024-01-01 0:00:00,192.168.127.3,HTTP GET /test552,200,2
2024-01-01 1:00:00,192.168.126.171,HTTP GET /test553,200,2
2024-01-01 2:00:00,192.168.175.136,HTTP GET /test554,200,2
2024-01-01 3:00:00,192.168.31.88,HTTP GET /test555,200,2
2024-01-01 4:00:00,192.168.70.12,HTTP GET /test556,200,2
2024-01-01 5:00:00,192.168.21.62,HTTP GET /test557,200,2
2024-01-01 6:00:00,192.168.7.134,HTTP GET /test558,200,2
2024-01-01 7:00:00,192.168.175.157,HTTP GET /test559,200,2
2024-01-01 8:00:00,192.168.128.54,HTTP GET /test560,200,2
2024-01-01 9:00:00,192.168.137.196,HTTP GET /test561,200,2
2024-01-01 10:00:00,192.168.12.170,HTTP GET /test562,200,2
2024-01-01 11:00:00,192.168.127.4,HTTP GET /test563,200,2
2024-01-01 12:00:00,192.168.154.9,HTTP GET /test564,200,2
2024-01-01 13:00:00,192.168.80.1,HTTP GET /test565,200,2
2024-01-01 14:00:00,192.168.32.168,HTTP GET /test566,200,2
2024-01-01 15:00:00,192.168.19.251,HTTP GET /test567,200,2
2024-01-01 16:00:00,192.168.21.81,HTTP GET /test568,200,2
2024-01-01 17:00:00,192.168.121.44,HTTP GET /test569,403,8
2024-01-01 18:00:00,192.168.63.151,HTTP GET /test570,200,2
2024-01-01 19:00:00,192.168.145.10,HTTP GET /test571,200,2
2024-01-01 20:00:00,192.168.217.117,HTTP GET /test572,200,2
2024-01-01 21:00:00,192.168.215.49,HTTP GET /test573,200,2
2024-01-01 22:00:00,192.168.230.223,HTTP GET /test574,200,2
2024-01-01 23:00:00,192.168.11.180,HTTP GET /test575,200,2
2024-01-01 0:00:00,192.168.152.62,HTTP GET /test576,200,2
2024-01-01 1:00:00,192.168.183.199,HTTP GET /test577,200,2
2024-01-01 2:00:00,192.168.181.160,HTTP GET /test578,200,2
2024-01-01 3:00:00,192.168.120.13,HTTP GET /test579,200,2
2024-01-01 4:00:00,192.168.148.224,HTTP GET /test580,200,2
2024-01-01 5:00:00,192.168.234.220,HTTP GET /test581,200,2
2024-01-01 6:00:00,192.168.198.66,HTTP GET /test582,403,8
2024-01-01 7:00:00,192.168.223.29,HTTP GET /test583,200,2
2024-01-01 8:00:00,192.168.44.200,HTTP GET /test584,200,2
2024-01-01 9:00:00,192.168.102.135,HTTP GET /test585,200,2
2024-01-01 10:00:00,192.168.94.75,HTTP GET /test586,200,2
2024-01-01 11:00:00,192.168.122.9,HTTP GET /test587,200,2
2024-01-01 12:00:00,192.168.89.111,HTTP GET /test588,200,2
2024-01-01 13:00:00,192.168.188.15,HTTP GET /test589,200,2
2024-01-01 14:00:00,192.168.103.208,HTTP GET /test590,200,2
2024-01-01 15:00:00,192.168.253.223,HTTP GET /test591,200,2
2024-01-01 16:00:00,192.168.74.156,HTTP GET /test592,200,2
2024-01-01 17:00:00,192.168.49.210,HTTP GET /test593,200,2
2024-01-01 18:00:00,192.168.106.24,HTTP GET /test594,200,2
2024-01-01 19:00:00,192.168.55.43,HTTP GET /test595,403,8
2024-01-01 20:00:00,192.168.187.178,HTTP GET /test596,200,2
2024-01-01 21:00:00,192.168.11.177,HTTP GET /test597,200,2
2024-01-01 22:00:00,192.168.161.218,HTTP GET /test598,200,2
2024-01-01 23:00:00,192.168.77.14,HTTP GET /test599,403,8
2024-01-01 0:00:00,192.168.245.178,HTTP GET /test600,200,2
2024-01-01 1:00:00,192.168.51.89,HTTP GET /test601,200,2
2024-01-01 2:00:00,192.168.193.87,HTTP GET /test602,200,2
2024-01-01 3:00:00,192.168.44.91,HTTP GET /test603,200,2
2024-01-01 4:00:00,192.168.37.38,HTTP GET /test604,403,8
2024-01-01 5:00:00,192.168.29.164,HTTP GET /test605,200,2
2024-01-01 6:00:00,192.168.253.27,HTTP GET /test606,200,2
2024-01-01 7:00:00,192.168.47.114,HTTP GET /test607,200,2
2024-01-01 8:00:00,192.168.146.108,HTTP GET /test608,200,2
2024-01-01 9:00:00,192.168.199.115,HTTP GET /test609,200,2
2024-01-01 10:00:00,192.168.227.114,HTTP GET /test610,200,2
2024-01-01 11:00:00,192.168.253.40,HTTP GET /test611,200,2
2024-01-01 12:00:00,192.168.163.31,HTTP GET /test612,200,2
2024-01-01 13:00:00,192.168.197.178,HTTP GET /test613,403,8
2024-01-01 14:00:00,192.168.86.50,HTTP GET /test614,200,2
2024-01-01 15:00:00,192.168.103.65,HTTP GET /test615,200,2
2024-01-01 16:00:00,192.168.4.4,HTTP GET /test616,200,2
2024-01-01 17:00:00,192.168.221.61,HTTP GET /test617,403,8
2024-01-01 18:00:00,192.168.182.55,HTTP GET /test618,200,2
2024-01-01 19:00:00,192.168.215.36,HTTP GET /test619,200,2
2024-01-01 20:00:00,192.168.92.34,HTTP GET /test620,403,8
2024-01-01 21:00:00,192.168.36.227,HTTP GET /test621,200,2
2024-01-01 22:00:00,192.168.155.234,HTTP GET /test622,200,2
2024-01-01 23:00:00,192.168.0.205,HTTP GET /test623,403,8
2024-01-01 0:00:00,192.168.45.34,HTTP GET /test624,200,2
2024-01-01 1:00:00,192.168.188.174,HTTP GET /test625,200,2
2024-01-01 2:00:00,192.168.69.179,HTTP GET /test626,200,2
2024-01-01 3:00:00,192.168.220.12,HTTP GET /test627,200,2
2024-01-01 4:00:00,192.168.12.242,HTTP GET /test628,200,2
2024-01-01 5:00:00,192.168.187.44,HTTP GET /test629,200,2
2024-01-01 6:00:00,192.168.53.212,HTTP GET /test630,403,8
2024-01-01 7:00:00,192.168.50.211,HTTP GET /test631,200,2
2024-01-01 8:00:00,192.168.172.220,HTTP GET /test632,200,2
2024-01-01 9:00:00,192.168.116.216,HTTP GET /test633,200,2
2024-01-01 10:00:00,192.168.92.248,HTTP GET /test634,403,8
2024-01-01 11:00:00,192.168.162.147,HTTP GET /test635,200,2
2024-01-01 12:00:00,192.168.216.231,HTTP GET /test636,200,2
2024-01-01 13:00:00,192.168.135.185,HTTP GET /test637,200,2
2024-01-01 14:00:00,192.168.234.17,HTTP GET /test638,200,2
2024-01-01 15:00:00,192.168.82.206,HTTP GET /test639,200,2
2024-01-01 16:00:00,192.168.73.56,HTTP GET /test640,200,2
2024-01-01 17:00:00,192.168.76.43,HTTP GET /test641,200,2
2024-01-01 18:00:00,192.168.126.62,HTTP GET /test642,200,2
2024-01-01 19:00:00,192.168.254.177,HTTP GET /test643,200,2
2024-01-01 20:00:00,192.168.37.195,HTTP GET /test644,200,2
2024-01-01 21:00:00,192.168.165.155,HTTP GET /test645,200,2
2024-01-01 22:00:00,192.168.216.102,HTTP GET /test646,200,2
2024-01-01 23:00:00,192.168.167.137,HTTP GET /test647,200,2
2024-01-01 0:00:00,192.168.175.76,HTTP GET /test648,200,2
2024-01-01 1:00:00,192.168.214.217,HTTP GET /test649,200,2
2024-01-01 2:00:00,192.168.165.11,HTTP GET /test650,200,2
2024-01-01 3:00:00,192.168.21.72,HTTP GET /test651,200,2
2024-01-01 4:00:00,192.168.132.178,HTTP GET /test652,200,2
2024-01-01 5:00:00,192.168.159.167,HTTP GET /test653,200,2
2024-01-01 6:00:00,192.168.218.94,HTTP GET /test654,200,2
2024-01-01 7:00:00,192.168.72.214,HTTP GET /test655,200,2
2024-01-01 8:00:00,192.168.7.21,HTTP GET /test656,403,8
2024-01-01 9:00:00,192.168.157.156,HTTP GET /test657,403,8
2024-01-01 10:00:00,192.168.218.22,HTTP GET /test658,200,2
2024-01-01 11:00:00,192.168.244.237,HTTP GET /test659,200,2
2024-01-01 12:00:00,192.168.189.72,HTTP GET /test660,403,8
2024-01-01 13:00:00,192.168.226.254,HTTP GET /test661,200,2
2024-01-01 14:00:00,192.168.165.190,HTTP GET /test662,200,2
2024-01-01 15:00:00,192.168.77.5,HTTP GET /test663,200,2
2024-01-01 16:00:00,192.168.14.225,HTTP GET /test664,200,2
2024-01-01 17:00:00,192.168.252.103,HTTP GET /test665,200,2
2024-01-01 18:00:00,192.168.9.28,HTTP GET /test666,200,2
2024-01-01 19:00:00,192.168.15.203,HTTP GET /test667,200,2
2024-01-01 20:00:00,192.168.217.66,HTTP GET /test668,200,2
2024-01-01 21:00:00,192.168.12.202,HTTP GET /test669,200,2
2024-01-01 22:00:00,192.168.105.115,HTTP GET /test670,403,8
2024-01-01 23:00:00,192.168.11.36,HTTP GET /test671,200,2
2024-01-01 0:00:00,192.168.15.67,HTTP GET /test672,200,2
2024-01-01 1:00:00,192.168.0.212,HTTP GET /test673,200,2
2024-01-01 2:00:00,192.168.55.15,HTTP GET /test674,200,2
2024-01-01 3:00:00,192.168.223.116,HTTP GET /test675,200,2
2024-01-01 4:00:00,192.168.211.5,HTTP GET /test676,200,2
2024-01-01 5:00:00,192.168.102.34,HTTP GET /test677,200,2
2024-01-01 6:00:00,192.168.203.38,HTTP GET /test678,200,2
2024-01-01 7:00:00,192.168.47.44,HTTP GET /test679,200,2
2024-01-01 8:00:00,192.168.100.217,HTTP GET /test680,200,2
2024-01-01 9:00:00,192.168.174.69,HTTP GET /test681,200,2
2024-01-01 10:00:00,192.168.31.247,HTTP GET /test682,200,2
2024-01-01 11:00:00,192.168.150.156,HTTP GET /test683,200,2
2024-01-01 12:00:00,192.168.180.134,HTTP GET /test684,200,2
2024-01-01 13:00:00,192.168.179.97,HTTP GET /test685,200,2
2024-01-01 14:00:00,192.168.95.136,HTTP GET /test686,200,2
2024-01-01 15:00:00,192.168.181.56,HTTP GET /test687,403,8
2024-01-01 16:00:00,192.168.156.14,HTTP GET /test688,200,2
2024-01-01 17:00:00,192.168.202.169,HTTP GET /test689,200,2
2024-01-01 18:00:00,192.168.147.40,HTTP GET /test690,200,2
2024-01-01 19:00:00,192.168.94.25,HTTP GET /test691,200,2
2024-01-01 20:00:00,192.168.178.103,HTTP GET /test692,200,2
2024-01-01 21:00:00,192.168.71.63,HTTP GET /test693,200,2
2024-01-01 22:00:00,192.168.198.248,HTTP GET /test694,200,2
2024-01-01 23:00:00,192.168.34.176,HTTP GET /test695,200,2
2024-01-01 0:00:00,192.168.225.101,HTTP GET /test696,200,2
2024-01-01 1:00:00,192.168.160.164,HTTP GET /test697,200,2
2024-01-01 2:00:00,192.168.78.25,HTTP GET /test698,200,2
2024-01-01 3:00:00,192.168.36.104,HTTP GET /test699,403,8
2024-01-01 4:00:00,192.168.231.252,HTTP GET /test700,200,2
2024-01-01 5:00:00,192.168.173.200,HTTP GET /test701,200,2
2024-01-01 6:00:00,192.168.75.217,HTTP GET /test702,200,2
2024-01-01 7:00:00,192.168.135.252,HTTP GET /test703,403,8
2024-01-01 8:00:00,192.168.166.120,HTTP GET /test704,200,2
2024-01-01 9:00:00,192.168.2.99,HTTP GET /test705,403,8
2024-01-01 10:00:00,192.168.66.19,HTTP GET /test706,200,2
2024-01-01 11:00:00,192.168.184.251,HTTP GET /test707,200,2
2024-01-01 12:00:00,192.168.166.216,HTTP GET /test708,403,8
2024-01-01 13:00:00,192.168.36.135,HTTP GET /test709,200,2
2024-01-01 14:00:00,192.168.76.45,HTTP GET /test710,403,8
2024-01-01 15:00:00,192.168.179.162,HTTP GET /test711,200,2
2024-01-01 16:00:00,192.168.70.168,HTTP GET /test712,200,2
2024-01-01 17:00:00,192.168.151.43,HTTP GET /test713,200,2
2024-01-01 18:00:00,192.168.151.60,HTTP GET /test714,200,2
2024-01-01 19:00:00,192.168.236.164,HTTP GET /test715,403,8
2024-01-01 20:00:00,192.168.77.136,HTTP GET /test716,200,2
2024-01-01 21:00:00,192.168.21.12,HTTP GET /test717,200,2
2024-01-01 22:00:00,192.168.158.207,HTTP GET /test718,200,2
2024-01-01 23:00:00,192.168.137.253,HTTP GET /test719,200,2
2024-01-01 0:00:00,192.168.53.139,HTTP GET /test720,200,2
2024-01-01 1:00:00,192.168.116.243,HTTP GET /test721,200,2
2024-01-01 2:00:00,192.168.173.121,HTTP GET /test722,200,2
2024-01-01 3:00:00,192.168.215.169,HTTP GET /test723,200,2
2024-01-01 4:00:00,192.168.86.72,HTTP GET /test724,200,2
2024-01-01 5:00:00,192.168.214.9,HTTP GET /test725,200,2
2024-01-01 6:00:00,192.168.156.101,HTTP GET /test726,200,2
2024-01-01 7:00:00,192.168.2.68,HTTP GET /test727,200,2
2024-01-01 8:00:00,192.168.47.200,HTTP GET /test728,200,2
2024-01-01 9:00:00,192.168.75.216,HTTP GET /test729,200,2
2024-01-01 10:00:00,192.168.188.140,HTTP GET /test730,403,8
2024-01-01 11:00:00,192.168.2.201,HTTP GET /test731,200,2
2024-01-01 12:00:00,192.168.18.117,HTTP GET /test732,200,2
2024-01-01 13:00:00,192.168.157.71,HTTP GET /test733,200,2
2024-01-01 14:00:00,192.168.164.141,HTTP GET /test734,200,2
2024-01-01 15:00:00,192.168.63.246,HTTP GET /test735,200,2
2024-01-01 16:00:00,192.168.176.231,HTTP GET /test736,200,2
2024-01-01 17:00:00,192.168.234.89,HTTP GET /test737,200,2
2024-01-01 18:00:00,192.168.129.48,HTTP GET /test738,200,2
2024-01-01 19:00:00,192.168.25.177,HTTP GET /test739,200,2
2024-01-01 20:00:00,192.168.197.80,HTTP GET /test740,200,2
2024-01-01 21:00:00,192.168.101.60,HTTP GET /test741,200,2
2024-01-01 22:00:00,192.168.249.235,HTTP GET /test742,200,2
2024-01-01 23:00:00,192.168.215.233,HTTP GET /test743,200,2
2024-01-01 0:00:00,192.168.198.179,HTTP GET /test744,200,2
2024-01-01 1:00:00,192.168.100.140,HTTP GET /test745,200,2
2024-01-01 2:00:00,192.168.130.238,HTTP GET /test746,200,2
2024-01-01 3:00:00,192.168.97.242,HTTP GET /test747,200,2
2024-01-01 4:00:00,192.168.235.217,HTTP GET /test748,200,2
2024-01-01 5:00:00,192.168.184.90,HTTP GET /test749,200,2
2024-01-01 6:00:00,192.168.103.125,HTTP GET /test750,403,8
2024-01-01 7:00:00,192.168.115.7,HTTP GET /test751,200,2
2024-01-01 8:00:00,192.168.245.33,HTTP GET /test752,200,2
2024-01-01 9:00:00,192.168.145.30,HTTP GET /test753,200,2
2024-01-01 10:00:00,192.168.134.207,HTTP GET /test754,200,2
2024-01-01 11:00:00,192.168.110.175,HTTP GET /test755,200,2
2024-01-01 12:00:00,192.168.231.106,HTTP GET /test756,200,2
2024-01-01 13:00:00,192.168.217.85,HTTP GET /test757,200,2
2024-01-01 14:00:00,192.168.5.220,HTTP GET /test758,200,2
2024-01-01 15:00:00,192.168.141.142,HTTP GET /test759,200,2
2024-01-01 16:00:00,192.168.117.50,HTTP GET /test760,200,2
2024-01-01 17:00:00,192.168.100.56,HTTP GET /test761,200,2
2024-01-01 18:00:00,192.168.7.122,HTTP GET /test762,200,2
2024-01-01 19:00:00,192.168.204.110,HTTP GET /test763,200,2
2024-01-01 20:00:00,192.168.67.231,HTTP GET /test764,403,8
2024-01-01 21:00:00,192.168.205.191,HTTP GET /test765,200,2
2024-01-01 22:00:00,192.168.131.15,HTTP GET /test766,200,2
2024-01-01 23:00:00,192.168.29.95,HTTP GET /test767,200,2
2024-01-01 0:00:00,192.168.217.117,HTTP GET /test768,200,2
2024-01-01 1:00:00,192.168.183.70,HTTP GET /test769,200,2
2024-01-01 2:00:00,192.168.138.239,HTTP GET /test770,200,2
2024-01-01 3:00:00,192.168.12.113,HTTP GET /test771,200,2
2024-01-01 4:00:00,192.168.242.49,HTTP GET /test772,200,2
2024-01-01 5:00:00,192.168.136.56,HTTP GET /test773,200,2
2024-01-01 6:00:00,192.168.182.130,HTTP GET /test774,403,8
2024-01-01 7:00:00,192.168.29.191,HTTP GET /test775,200,2
2024-01-01 8:00:00,192.168.167.238,HTTP GET /test776,200,2
2024-01-01 9:00:00,192.168.188.237,HTTP GET /test777,200,2
2024-01-01 10:00:00,192.168.234.153,HTTP GET /test778,200,2
2024-01-01 11:00:00,192.168.249.245,HTTP GET /test779,200,2
2024-01-01 12:00:00,192.168.147.80,HTTP GET /test780,200,2
2024-01-01 13:00:00,192.168.42.199,HTTP GET /test781,200,2
2024-01-01 14:00:00,192.168.208.75,HTTP GET /test782,200,2
2024-01-01 15:00:00,192.168.37.151,HTTP GET /test783,200,2
2024-01-01 16:00:00,192.168.95.160,HTTP GET /test784,200,2
2024-01-01 17:00:00,192.168.242.36,HTTP GET /test785,403,8
2024-01-01 18:00:00,192.168.249.84,HTTP GET /test786,200,2
2024-01-01 19:00:00,192.168.239.112,HTTP GET /test787,200,2
2024-01-01 20:00:00,192.168.83.187,HTTP GET /test788,200,2
2024-01-01 21:00:00,192.168.82.176,HTTP GET /test789,200,2
2024-01-01 22:00:00,192.168.40.228,HTTP GET /test790,200,2
2024-01-01 23:00:00,192.168.93.108,HTTP GET /test791,200,2
2024-01-01 0:00:00,192.168.85.114,HTTP GET /test792,200,2
2024-01-01 1:00:00,192.168.225.75,HTTP GET /test793,200,2
2024-01-01 2:00:00,192.168.239.158,HTTP GET /test794,200,2
2024-01-01 3:00:00,192.168.24.150,HTTP GET /test795,200,2
2024-01-01 4:00:00,192.168.243.54,HTTP GET /test796,200,2
2024-01-01 5:00:00,192.168.82.61,HTTP GET /test797,200,2
2024-01-01 6:00:00,192.168.98.222,HTTP GET /test798,200,2
2024-01-01 7:00:00,192.168.192.206,HTTP GET /test799,200,2
2024-01-01 8:00:00,192.168.13.180,HTTP GET /test800,200,2
2024-01-01 9:00:00,192.168.5.60,HTTP GET /test801,200,2
2024-01-01 10:00:00,192.168.33.243,HTTP GET /test802,200,2
2024-01-01 11:00:00,192.168.53.242,HTTP GET /test803,200,2
2024-01-01 12:00:00,192.168.75.5,HTTP GET /test804,200,2
2024-01-01 13:00:00,192.168.226.249,HTTP GET /test805,200,2
2024-01-01 14:00:00,192.168.7.178,HTTP GET /test806,200,2
2024-01-01 15:00:00,192.168.240.243,HTTP GET /test807,200,2
2024-01-01 16:00:00,192.168.189.158,HTTP GET /test808,200,2
2024-01-01 17:00:00,192.168.202.39,HTTP GET /test809,200,2
2024-01-01 18:00:00,192.168.219.101,HTTP GET /test810,200,2
2024-01-01 19:00:00,192.168.88.192,HTTP GET /test811,200,2
2024-01-01 20:00:00,192.168.57.198,HTTP GET /test812,200,2
2024-01-01 21:00:00,192.168.63.246,HTTP GET /test813,200,2
2024-01-01 22:00:00,192.168.36.172,HTTP GET /test814,200,2
2024-01-01 23:00:00,192.168.132.66,HTTP GET /test815,200,2
2024-01-01 0:00:00,192.168.66.36,HTTP GET /test816,200,2
2024-01-01 1:00:00,192.168.48.189,HTTP GET /test817,200,2
2024-01-01 2:00:00,192.168.182.173,HTTP GET /test818,200,2
2024-01-01 3:00:00,192.168.140.63,HTTP GET /test819,200,2
2024-01-01 4:00:00,192.168.3.21,HTTP GET /test820,200,2
2024-01-01 5:00:00,192.168.225.125,HTTP GET /test821,200,2
2024-01-01 6:00:00,192.168.1.34,HTTP GET /test822,200,2
2024-01-01 7:00:00,192.168.39.52,HTTP GET /test823,200,2
2024-01-01 8:00:00,192.168.158.36,HTTP GET /test824,200,2
2024-01-01 9:00:00,192.168.2.105,HTTP GET /test825,200,2
2024-01-01 10:00:00,192.168.219.166,HTTP GET /test826,200,2
2024-01-01 11:00:00,192.168.164.71,HTTP GET /test827,200,2
2024-01-01 12:00:00,192.168.175.139,HTTP GET /test828,200,2
2024-01-01 13:00:00,192.168.89.3,HTTP GET /test829,200,2
2024-01-01 14:00:00,192.168.236.42,HTTP GET /test830,403,8
2024-01-01 15:00:00,192.168.188.154,HTTP GET /test831,200,2
2024-01-01 16:00:00,192.168.65.149,HTTP GET /test832,200,2
2024-01-01 17:00:00,192.168.105.56,HTTP GET /test833,200,2
2024-01-01 18:00:00,192.168.174.33,HTTP GET /test834,200,2
2024-01-01 19:00:00,192.168.86.56,HTTP GET /test835,200,2
2024-01-01 20:00:00,192.168.189.143,HTTP GET /test836,200,2
2024-01-01 21:00:00,192.168.2.155,HTTP GET /test837,200,2
2024-01-01 22:00:00,192.168.81.214,HTTP GET /test838,200,2
2024-01-01 23:00:00,192.168.100.205,HTTP GET /test839,200,2
2024-01-01 0:00:00,192.168.151.87,HTTP GET /test840,200,2
2024-01-01 1:00:00,192.168.84.74,HTTP GET /test841,200,2
2024-01-01 2:00:00,192.168.39.21,HTTP GET /test842,200,2
2024-01-01 3:00:00,192.168.144.8,HTTP GET /test843,200,2
2024-01-01 4:00:00,192.168.148.191,HTTP GET /test844,200,2
2024-01-01 5:00:00,192.168.228.84,HTTP GET /test845,200,2
2024-01-01 6:00:00,192.168.27.222,HTTP GET /test846,200,2
2024-01-01 7:00:00,192.168.220.44,HTTP GET /test847,200,2
2024-01-01 8:00:00,192.168.118.35,HTTP GET /test848,200,2
2024-01-01 9:00:00,192.168.35.99,HTTP GET /test849,200,2
2024-01-01 10:00:00,192.168.171.69,HTTP GET /test850,200,2
2024-01-01 11:00:00,192.168.28.15,HTTP GET /test851,200,2
2024-01-01 12:00:00,192.168.145.190,HTTP GET /test852,200,2
2024-01-01 13:00:00,192.168.208.248,HTTP GET /test853,200,2
2024-01-01 14:00:00,192.168.20.165,HTTP GET /test854,200,2
2024-01-01 15:00:00,192.168.222.14,HTTP GET /test855,200,2
2024-01-01 16:00:00,192.168.178.158,HTTP GET /test856,200,2
2024-01-01 17:00:00,192.168.33.193,HTTP GET /test857,200,2
2024-01-01 18:00:00,192.168.141.232,HTTP GET /test858,200,2
2024-01-01 19:00:00,192.168.22.194,HTTP GET /test859,200,2
2024-01-01 20:00:00,192.168.214.175,HTTP GET /test860,200,2
2024-01-01 21:00:00,192.168.15.196,HTTP GET /test861,200,2
2024-01-01 22:00:00,192.168.21.175,HTTP GET /test862,200,2
2024-01-01 23:00:00,192.168.223.73,HTTP GET /test863,200,2
2024-01-01 0:00:00,192.168.5.226,HTTP GET /test864,200,2
2024-01-01 1:00:00,192.168.22.152,HTTP GET /test865,200,2
2024-01-01 2:00:00,192.168.100.186,HTTP GET /test866,403,8
2024-01-01 3:00:00,192.168.91.78,HTTP GET /test867,200,2
2024-01-01 4:00:00,192.168.84.83,HTTP GET /test868,200,2
2024-01-01 5:00:00,192.168.201.23,HTTP GET /test869,200,2
2024-01-01 6:00:00,192.168.172.147,HTTP GET /test870,200,2
2024-01-01 7:00:00,192.168.201.235,HTTP GET /test871,200,2
2024-01-01 8:00:00,192.168.214.202,HTTP GET /test872,200,2
2024-01-01 9:00:00,192.168.141.155,HTTP GET /test873,200,2
2024-01-01 10:00:00,192.168.82.146,HTTP GET /test874,200,2
2024-01-01 11:00:00,192.168.206.144,HTTP GET /test875,403,8
2024-01-01 12:00:00,192.168.93.45,HTTP GET /test876,200,2
2024-01-01 13:00:00,192.168.240.90,HTTP GET /test877,200,2
2024-01-01 14:00:00,192.168.210.137,HTTP GET /test878,200,2
2024-01-01 15:00:00,192.168.99.217,HTTP GET /test879,200,2
2024-01-01 16:00:00,192.168.152.59,HTTP GET /test880,200,2
2024-01-01 17:00:00,192.168.237.169,HTTP GET /test881,200,2
2024-01-01 18:00:00,192.168.33.188,HTTP GET /test882,200,2
2024-01-01 19:00:00,192.168.75.162,HTTP GET /test883,200,2
2024-01-01 20:00:00,192.168.94.39,HTTP GET /test884,200,2
2024-01-01 21:00:00,192.168.236.52,HTTP GET /test885,200,2
2024-01-01 22:00:00,192.168.135.173,HTTP GET /test886,200,2
2024-01-01 23:00:00,192.168.221.109,HTTP GET /test887,200,2
2024-01-01 0:00:00,192.168.240.192,HTTP GET /test888,200,2
2024-01-01 1:00:00,192.168.254.155,HTTP GET /test889,200,2
2024-01-01 2:00:00,192.168.51.48,HTTP GET /test890,200,2
2024-01-01 3:00:00,192.168.87.120,HTTP GET /test891,200,2
2024-01-01 4:00:00,192.168.195.75,HTTP GET /test892,200,2
2024-01-01 5:00:00,192.168.215.12,HTTP GET /test893,403,8
2024-01-01 6:00:00,192.168.71.125,HTTP GET /test894,200,2
2024-01-01 7:00:00,192.168.210.244,HTTP GET /test895,200,2
2024-01-01 8:00:00,192.168.205.238,HTTP GET /test896,200,2
2024-01-01 9:00:00,192.168.254.179,HTTP GET /test897,200,2
2024-01-01 10:00:00,192.168.74.236,HTTP GET /test898,200,2
2024-01-01 11:00:00,192.168.31.106,HTTP GET /test899,200,2
2024-01-01 12:00:00,192.168.208.148,HTTP GET /test900,200,2
2024-01-01 13:00:00,192.168.232.198,HTTP GET /test901,200,2
2024-01-01 14:00:00,192.168.1.78,HTTP GET /test902,200,2
2024-01-01 15:00:00,192.168.147.250,HTTP GET /test903,200,2
2024-01-01 16:00:00,192.168.79.141,HTTP GET /test904,200,2
2024-01-01 17:00:00,192.168.205.164,HTTP GET /test905,200,2
2024-01-01 18:00:00,192.168.43.56,HTTP GET /test906,200,2
2024-01-01 19:00:00,192.168.171.178,HTTP GET /test907,403,8
2024-01-01 20:00:00,192.168.38.30,HTTP GET /test908,200,2
2024-01-01 21:00:00,192.168.254.193,HTTP GET /test909,200,2
2024-01-01 22:00:00,192.168.222.85,HTTP GET /test910,200,2
2024-01-01 23:00:00,192.168.163.166,HTTP GET /test911,200,2
2024-01-01 0:00:00,192.168.11.138,HTTP GET /test912,200,2
2024-01-01 1:00:00,192.168.25.24,HTTP GET /test913,200,2
2024-01-01 2:00:00,192.168.42.69,HTTP GET /test914,200,2
2024-01-01 3:00:00,192.168.175.198,HTTP GET /test915,200,2
2024-01-01 4:00:00,192.168.138.244,HTTP GET /test916,200,2
2024-01-01 5:00:00,192.168.228.177,HTTP GET /test917,200,2
2024-01-01 6:00:00,192.168.133.241,HTTP GET /test918,200,2
2024-01-01 7:00:00,192.168.42.92,HTTP GET /test919,200,2
2024-01-01 8:00:00,192.168.124.90,HTTP GET /test920,403,8
2024-01-01 9:00:00,192.168.171.232,HTTP GET /test921,200,2
2024-01-01 10:00:00,192.168.219.100,HTTP GET /test922,200,2
2024-01-01 11:00:00,192.168.92.81,HTTP GET /test923,200,2
2024-01-01 12:00:00,192.168.221.89,HTTP GET /test924,200,2
2024-01-01 13:00:00,192.168.190.154,HTTP GET /test925,200,2
2024-01-01 14:00:00,192.168.234.44,HTTP GET /test926,200,2
2024-01-01 15:00:00,192.168.54.20,HTTP GET /test927,200,2
2024-01-01 16:00:00,192.168.107.127,HTTP GET /test928,200,2
2024-01-01 17:00:00,192.168.145.49,HTTP GET /test929,200,2
2024-01-01 18:00:00,192.168.218.237,HTTP GET /test930,200,2
2024-01-01 19:00:00,192.168.35.183,HTTP GET /test931,200,2
2024-01-01 20:00:00,192.168.2.113,HTTP GET /test932,200,2
2024-01-01 21:00:00,192.168.138.152,HTTP GET /test933,403,8
2024-01-01 22:00:00,192.168.119.65,HTTP GET /test934,200,2
2024-01-01 23:00:00,192.168.142.81,HTTP GET /test935,200,2
2024-01-01 0:00:00,192.168.73.5,HTTP GET /test936,200,2
2024-01-01 1:00:00,192.168.94.147,HTTP GET /test937,200,2
2024-01-01 2:00:00,192.168.74.108,HTTP GET /test938,403,8
2024-01-01 3:00:00,192.168.131.25,HTTP GET /test939,200,2
2024-01-01 4:00:00,192.168.32.213,HTTP GET /test940,200,2
2024-01-01 5:00:00,192.168.234.207,HTTP GET /test941,200,2
2024-01-01 6:00:00,192.168.84.124,HTTP GET /test942,200,2
2024-01-01 7:00:00,192.168.34.27,HTTP GET /test943,200,2
2024-01-01 8:00:00,192.168.103.17,HTTP GET /test944,200,2
2024-01-01 9:00:00,192.168.197.180,HTTP GET /test945,200,2
2024-01-01 10:00:00,192.168.215.88,HTTP GET /test946,200,2
2024-01-01 11:00:00,192.168.98.16,HTTP GET /test947,403,8
2024-01-01 12:00:00,192.168.77.17,HTTP GET /test948,200,2
2024-01-01 13:00:00,192.168.121.206,HTTP GET /test949,200,2
2024-01-01 14:00:00,192.168.246.48,HTTP GET /test950,200,2
2024-01-01 15:00:00,192.168.248.36,HTTP GET /test951,200,2
2024-01-01 16:00:00,192.168.177.95,HTTP GET /test952,200,2
2024-01-01 17:00:00,192.168.233.67,HTTP GET /test953,200,2
2024-01-01 18:00:00,192.168.138.43,HTTP GET /test954,200,2
2024-01-01 19:00:00,192.168.213.142,HTTP GET /test955,403,8
2024-01-01 20:00:00,192.168.253.236,HTTP GET /test956,200,2
2024-01-01 21:00:00,192.168.140.253,HTTP GET /test957,200,2
2024-01-01 22:00:00,192.168.241.43,HTTP GET /test958,200,2
2024-01-01 23:00:00,192.168.254.237,HTTP GET /test959,200,2
2024-01-01 0:00:00,192.168.112.6,HTTP GET /test960,200,2
2024-01-01 1:00:00,192.168.103.80,HTTP GET /test961,200,2
2024-01-01 2:00:00,192.168.224.26,HTTP GET /test962,200,2
2024-01-01 3:00:00,192.168.119.197,HTTP GET /test963,200,2
2024-01-01 4:00:00,192.168.73.0,HTTP GET /test964,200,2
2024-01-01 5:00:00,192.168.157.148,HTTP GET /test965,200,2
2024-01-01 6:00:00,192.168.77.190,HTTP GET /test966,200,2
2024-01-01 7:00:00,192.168.248.91,HTTP GET /test967,200,2
2024-01-01 8:00:00,192.168.72.252,HTTP GET /test968,200,2
2024-01-01 9:00:00,192.168.141.1,HTTP GET /test969,200,2
2024-01-01 10:00:00,192.168.39.79,HTTP GET /test970,200,2
2024-01-01 11:00:00,192.168.165.207,HTTP GET /test971,200,2
2024-01-01 12:00:00,192.168.6.178,HTTP GET /test972,200,2
2024-01-01 13:00:00,192.168.42.175,HTTP GET /test973,200,2
2024-01-01 14:00:00,192.168.252.247,HTTP GET /test974,200,2
2024-01-01 15:00:00,192.168.140.162,HTTP GET /test975,200,2
2024-01-01 16:00:00,192.168.152.22,HTTP GET /test976,200,2
2024-01-01 17:00:00,192.168.18.128,HTTP GET /test977,200,2
2024-01-01 18:00:00,192.168.151.149,HTTP GET /test978,200,2
2024-01-01 19:00:00,192.168.228.244,HTTP GET /test979,200,2
2024-01-01 20:00:00,192.168.3.224,HTTP GET /test980,200,2
2024-01-01 21:00:00,192.168.233.67,HTTP GET /test981,200,2
2024-01-01 22:00:00,192.168.43.158,HTTP GET /test982,200,2
2024-01-01 23:00:00,192.168.246.229,HTTP GET /test983,200,2
2024-01-01 0:00:00,192.168.115.176,HTTP GET /test984,200,2
2024-01-01 1:00:00,192.168.33.242,HTTP GET /test985,200,2
2024-01-01 2:00:00,192.168.68.224,HTTP GET /test986,200,2
2024-01-01 3:00:00,192.168.55.47,HTTP GET /test987,200,2
2024-01-01 4:00:00,192.168.75.33,HTTP GET /test988,200,2
2024-01-01 5:00:00,192.168.34.2,HTTP GET /test989,200,2
2024-01-01 6:00:00,192.168.133.147,HTTP GET /test990,200,2
2024-01-01 7:00:00,192.168.211.139,HTTP GET /test991,200,2
2024-01-01 8:00:00,192.168.196.87,HTTP GET /test992,403,8
2024-01-01 9:00:00,192.168.33.1,HTTP GET /test993,200,2
2024-01-01 10:00:00,192.168.67.60,HTTP GET /test994,200,2
2024-01-01 11:00:00,192.168.56.228,HTTP GET /test995,200,2
2024-01-01 12:00:00,192.168.223.248,HTTP GET /test996,403,8
2024-01-01 13:00:00,192.168.191.82,HTTP GET /test997,200,2
2024-01-01 14:00:00,192.168.160.61,HTTP GET /test998,200,2
2024-01-01 15:00:00,192.168.80.118,HTTP GET /test999,200,2
2025-07-12 16:46:37,192.168.1.1,HTTP GET /login,200,5
2025-07-12 16:46:37,192.168.1.100,HTTP POST to:192.168.1.1 /api,200,2
2025-07-12 16:46:37,345.67.89.10,HTTP POST to:192.168.1.1 /admin,403,8
2025-07-12 16:46:37,345.67.89.10,HTTP GET to:192.168.1.100 /data,403,8
2025-07-12 16:46:37,192.168.1.50,HTTPS GET to:192.168.1.1 /secure,200,2
2025-07-12 16:46:37,789.12.34.56,HTTP POST to:192.168.1.1 /login,401,8
2025-07-12 16:46:37,192.168.1.1,HTTP RESPONSE to:192.168.1.100,200,2
2025-07-12 16:46:37,10.0.0.1,HTTPS POST to:192.168.1.1 /api/data,200,2
